No,회사,제목,지역,상세보기
1,삼일회계법인,[삼일회계법인] PEF Tax Service팀 채용 (경력직),서울 용산구,https://job.incruit.com/jobdb_info/jobpost.asp?job=2607090002092&src=etc*search
2,(주)엠씨엠,청호그룹 (주)MCM 진천 생산제조 정규직 모집,충북 진천군,https://job.incruit.com/jobdb_info/jobpost.asp?job=2606230000312&src=etc*search
3,삼일피더블유씨엑셀러레이션센터,[삼일피더블유씨엑셀러레이션센터] 사업비 정산 업무지원 인턴 채용,서울 용산구,https://job.incruit.com/jobdb_info/jobpost.asp?job=2607080003500&src=etc*search
4,삼일회계법인,[삼일회계법인]  금융본부(FS ICM팀) 경력 회계사 채용,서울 용산구,https://job.incruit.com/jobdb_info/jobpost.asp?job=2607010002535&src=etc*search
5,삼일회계법인,[삼일회계법인] Forensic Services - eDiscovery 전문가 경력직 채용,서울 용산구,https://job.incruit.com/jobdb_info/jobpost.asp?job=2607010003766&src=etc*search
6,삼일피더블유씨엑셀러레이션센터,"[삼일PwC A/C]삼일회계법인 자회사 세무회계 등 BPO (서비스 회계, 자금, 인사 아웃소싱)계약직 채용",서울 용산구,https://job.incruit.com/jobdb_info/jobpost.asp?job=2607090000347&src=etc*search
7,삼일피더블유씨엑셀러레이션센터,[삼일피더블유씨엑셀러레이션센터] 사업비 정산 부문 인턴 채용,서울 용산구,https://job.incruit.com/jobdb_info/jobpost.asp?job=2607080002388&src=etc*search
8,삼일회계법인,[삼일회계법인] Global Tax Services 경력직 채용,서울 용산구,https://job.incruit.com/jobdb_info/jobpost.asp?job=2607090001838&src=etc*search
9,삼일피더블유씨엑셀러레이션센터,[삼일PwC A/C]삼일회계법인 자회사 Payroll BPO 서비스 (인사 아웃소싱) 경력직/ 정규직 채용,서울 용산구,https://job.incruit.com/jobdb_info/jobpost.asp?job=2607070000273&src=etc*search
10,(주)동화세상에듀코,[부산] 국영수/과학 일대일 강사 채용(신입가능),부산,https://job.incruit.com/jobdb_info/jobpost.asp?job=2607060001027&src=etc*search
11,(주)동화세상에듀코,[해운대구/동래구] 국영수 일대일 강사 채용(신입가능),부산 동래구 외,https://job.incruit.com/jobdb_info/jobpost.asp?job=2606150001035&src=etc*search
12,삼일피더블유씨엑셀러레이션센터,"[삼일PwC A/C]삼일회계법인 자회사 세무회계 등 BPO (서비스 회계, 자금, 인사 아웃소싱)정규직 채용",서울 용산구,https://job.incruit.com/jobdb_info/jobpost.asp?job=2607090000342&src=etc*search
13,(주)동화세상에듀코,[동래구] 국영수 일대일 강사 채용(신입가능),부산,https://job.incruit.com/jobdb_info/jobpost.asp?job=2606220000381&src=etc*search
14,국제경영연구원,기업인증컨설팅 유경험자 모집,재택근무 가능,https://job.incruit.com/jobdb_info/jobpost.asp?job=2606040002586&src=etc*search
15,S-OIL(주),S-OIL 공장 계약직 간호사 채용,울산 남구,https://job.incruit.com/jobdb_info/jobpost.asp?job=2607070002300&src=etc*search
16,(주)동화세상에듀코,국영수 초중고 방문/화상수업 1:1 강사 모집,서울 동대문구 외,https://job.incruit.com/jobdb_info/jobpost.asp?job=2606260002342&src=etc*search
17,지케이엘위드 주식회사,[공기업자회사/세븐럭카지노] 부산사업팀 F&B부문 조리 직무 수시채용,부산 외,https://job.incruit.com/jobdb_info/jobpost.asp?job=2606170004875&src=etc*search
18,지케이엘위드 주식회사,[공기업자회사/세븐럭카지노] 강남/강북사업팀 F&B부문 식음 직무 수시채용,서울 강남구 외,https://job.incruit.com/jobdb_info/jobpost.asp?job=2607070000344&src=etc*search
19,S-OIL(주),에쓰오일 사내변호사 채용,서울 마포구,https://job.incruit.com/jobdb_info/jobpost.asp?job=2607030003405&src=etc*search
20,S-OIL(주),S-OIL 공장 계약직 간호사 채용,울산 남구,https://job.incruit.com/jobdb_info/jobpost.asp?job=2607070002425&src=etc*search
21,지케이엘위드 주식회사,[공기업자회사/세븐럭카지노] 강북사업팀 F&B부문 조리 직무 수시채용,서울 용산구 외,https://job.incruit.com/jobdb_info/jobpost.asp?job=2606170004873&src=etc*search
22,지케이엘위드 주식회사,[공기업자회사/세븐럭카지노] 강남사업팀 시설관리 직무 수시채용,서울 강남구,https://job.incruit.com/jobdb_info/jobpost.asp?job=2607070000271&src=etc*search
23,지케이엘위드 주식회사,[공기업자회사/세븐럭카지노] 강남/강북사업팀 VIP의전 직무 수시채용,서울 외,https://job.incruit.com/jobdb_info/jobpost.asp?job=2607070000306&src=etc*search
24,(주)동화세상에듀코,화상영어강사님을 모십니다.,서울 동대문구 신설동,https://job.incruit.com/jobdb_info/jobpost.asp?job=2607090004157&src=etc*search
25,(주)교원구몬,[학습코칭매니저]정년이 없는 평생직장/주2~3일/유아초저학습관리/청년적금,경남 창원시 의창구 외,https://job.incruit.com/jobdb_info/jobpost.asp?job=2607060004603&src=etc*search
26,건일제약(주),[펜믹스] 의료기기 개발 담당자 채용,서울 중구,https://job.incruit.com/jobdb_info/jobpost.asp?job=2606110002220&src=etc*search
27,(사)한국골프캐디협회,골프장호텔 부서별(정규직)모집,광주 외,https://job.incruit.com/jobdb_info/jobpost.asp?job=2607080001099&src=etc*search
28,인크루트,취업포털 인크루트 기업영업팀 영업직군 채용,서울 중구,https://job.incruit.com/jobdb_info/jobpost.asp?job=2607030003744&src=etc*search
29,인크루트,[인크루트] 채용사업본부 RPO그룹 컨설팅팀 신입 및 경력 컨설턴트 채용,서울 중구,https://job.incruit.com/jobdb_info/jobpost.asp?job=2606120000854&src=etc*search
30,(주)동화세상에듀코,"[재택 업무] - 대졸이상 : 일대일 과목 코칭(국,영,수,사,과, 순수코칭 가능, 코딩가능)",인천 외,https://job.incruit.com/jobdb_info/jobpost.asp?job=2607010003855&src=etc*search
