product_name,product_brand,product_link
[쿨링진정/대용량]블랑네이처 9배 고농축 어성초 토너 300ml,블랑네이처,https://www.oliveyoung.co.kr/store/goods/getGoodsDetail.do?goodsNo=A000000255290&dispCatNo=1000001000100130001&trackingCd=Result_1
[NEW] 토리든 다이브인 저분자 히알루론산 토너 500ml 기획 (+늘어나는 화장솜 60매),토리든,https://www.oliveyoung.co.kr/store/goods/getGoodsDetail.do?goodsNo=A000000256045&dispCatNo=1000001000100130001&trackingCd=Result_2
[7월 올영픽] 에스트라 아토베리어365 캡슐토너 300ml 기획 (+수딩크림 30ml+세라-히알 앰플 7ml),에스트라,"https://www.oliveyoung.co.kr/store/goods/getGoodsDetail.do?goodsNo=A000000258833&dispCatNo=1000001000100130001,1000001000800130002&trackingCd=Result_3"
[수부지토너]브링그린 티트리 시카 수딩 토너 (500ml/250ml),브링그린,https://www.oliveyoung.co.kr/store/goods/getGoodsDetail.do?goodsNo=A000000189181&dispCatNo=1000001000100130001&trackingCd=Result_4
[한정기획] 아누아 어성초 77 히알루론산 수분 진정 토너 350ml 더블기획 (+어성초 크림 20ml),아누아,https://www.oliveyoung.co.kr/store/goods/getGoodsDetail.do?goodsNo=A000000255328&dispCatNo=1000001000100130001&trackingCd=Result_5
[화잘먹/단독기획] 폴라초이스 바하 리퀴드 엑스폴리언트 118ml 기획 (+바하 리퀴드 30ml),폴라초이스,https://www.oliveyoung.co.kr/store/goods/getGoodsDetail.do?goodsNo=A000000245794&dispCatNo=1000001000100130001&trackingCd=Result_6
[미스트형/1등토너] 라운드랩 1025 독도 토너 300ml 1+1 기획 (+늘어나는 스킨패드 30매),라운드랩,https://www.oliveyoung.co.kr/store/goods/getGoodsDetail.do?goodsNo=A000000255246&dispCatNo=1000001000100130001&trackingCd=Result_7
[쿨링진정] 셀라딕스 트러블 쿨 카밍 131 토너 300ml,셀라딕스,https://www.oliveyoung.co.kr/store/goods/getGoodsDetail.do?goodsNo=A000000229456&dispCatNo=1000001000100130001&trackingCd=Result_8
[수분진정] 아비브 어성초 카밍 토너 스킨부스터 200ml,아비브,https://www.oliveyoung.co.kr/store/goods/getGoodsDetail.do?goodsNo=A000000146589&dispCatNo=1000001000100130001&trackingCd=Result_9
[쿨링진정]넘버즈인 1번 진정 맑게담은 청초토너 300ml 리필기획(+300ml 증정),넘버즈인,https://www.oliveyoung.co.kr/store/goods/getGoodsDetail.do?goodsNo=A000000190395&dispCatNo=1000001000100130001&trackingCd=Result_10
[리뉴얼] 토니모리 세라마이드 모찌 토너 500ml 기획 (+100ml + 크림 30ml),토니모리,https://www.oliveyoung.co.kr/store/goods/getGoodsDetail.do?goodsNo=A000000258792&dispCatNo=1000001000100130001&trackingCd=Result_11_30
[대용량/속보습폭발] 더랩바이블랑두 올리고 히알루론산 딥 토너 500ml 대용량 기획 (+100ml),더랩바이블랑두,https://www.oliveyoung.co.kr/store/goods/getGoodsDetail.do?goodsNo=A000000207054&dispCatNo=1000001000100130001&trackingCd=Result_11_30
[리뷰이벤트/속촉촉 진정토너] 에스네이처 아쿠아 오아시스 토너 300ml 기획 (+젤크림 30ml),에스네이처,https://www.oliveyoung.co.kr/store/goods/getGoodsDetail.do?goodsNo=A000000213171&dispCatNo=1000001000100130001&trackingCd=Result_11_30
[1등 속보습] 라네즈 크림스킨 170ml 단품기획 (+50ml),라네즈,https://www.oliveyoung.co.kr/store/goods/getGoodsDetail.do?goodsNo=A000000211003&dispCatNo=1000001000100130001&trackingCd=Result_11_30
에스트라 에이시카365 수분토너 pH4.5 200ml,에스트라,"https://www.oliveyoung.co.kr/store/goods/getGoodsDetail.do?goodsNo=A000000218549&dispCatNo=1000001000100130001,1000001000800130002&trackingCd=Result_11_30"
[1등토너] 라운드랩 1025 독도 토너 200ml 기획 (+50ml),라운드랩,https://www.oliveyoung.co.kr/store/goods/getGoodsDetail.do?goodsNo=A000000132162&dispCatNo=1000001000100130001&trackingCd=Result_11_30
[수지 PICK] 아누아 피디알엔 100 히알루론산 부스터 토너 250ml 기획 (+40ml),아누아,https://www.oliveyoung.co.kr/store/goods/getGoodsDetail.do?goodsNo=A000000231891&dispCatNo=1000001000100130001&trackingCd=Result_11_30
바이오더마 하이드라비오 토너 250ml,바이오더마,"https://www.oliveyoung.co.kr/store/goods/getGoodsDetail.do?goodsNo=A000000004434&dispCatNo=1000001000100130001,1000001000800130002&trackingCd=Result_11_30"
피지오겔 DMT포맨 증정 기획세트 2종 한정기획 (플루이드 or 크림),피지오겔,"https://www.oliveyoung.co.kr/store/goods/getGoodsDetail.do?goodsNo=A000000179227&dispCatNo=1000001000100170001,1000001000700070012,1000001000700070013,1000001000800130001,1000001000800130002&trackingCd=Result_11_30"
[NEW/미니어처증정] 닥터지 레드 블레미쉬 10-시카 캡슐 수딩 토너 300ml 기획 (+100ml),닥터지,https://www.oliveyoung.co.kr/store/goods/getGoodsDetail.do?goodsNo=A000000252322&dispCatNo=1000001000100130001&trackingCd=Result_11_30
[1등토너] 라운드랩 1025 독도 토너 500ml 기획 (+100ml),라운드랩,https://www.oliveyoung.co.kr/store/goods/getGoodsDetail.do?goodsNo=A000000137180&dispCatNo=1000001000100130001&trackingCd=Result_11_30
[단독기획] 아누아 어성초 77 히알루론산 수분 진정 토너 350ml 리필 기획세트 (+350ml 리필팩),아누아,https://www.oliveyoung.co.kr/store/goods/getGoodsDetail.do?goodsNo=A000000248498&dispCatNo=1000001000100130001&trackingCd=Result_11_30
[수분생기] 라운드랩 자작나무 수분 토너 1+1 기획 (300ml+300ml),라운드랩,https://www.oliveyoung.co.kr/store/goods/getGoodsDetail.do?goodsNo=A000000157178&dispCatNo=1000001000100130001&trackingCd=Result_11_30
[온라인단독/진정SET] 브링그린 티트리 시카 수딩 토너&크림 (세트/기획),브링그린,https://www.oliveyoung.co.kr/store/goods/getGoodsDetail.do?goodsNo=A000000188990&dispCatNo=1000001000100130001&trackingCd=Result_11_30
[쿨링진정/대용량]블랑네이처 9배 고농축 어성초 토너 300ml,블랑네이처,https://www.oliveyoung.co.kr/store/goods/getGoodsDetail.do?goodsNo=A000000255290&dispCatNo=1000001000100130001&trackingCd=Result_1
[NEW] 토리든 다이브인 저분자 히알루론산 토너 500ml 기획 (+늘어나는 화장솜 60매),토리든,https://www.oliveyoung.co.kr/store/goods/getGoodsDetail.do?goodsNo=A000000256045&dispCatNo=1000001000100130001&trackingCd=Result_2
[7월 올영픽] 에스트라 아토베리어365 캡슐토너 300ml 기획 (+수딩크림 30ml+세라-히알 앰플 7ml),에스트라,"https://www.oliveyoung.co.kr/store/goods/getGoodsDetail.do?goodsNo=A000000258833&dispCatNo=1000001000100130001,1000001000800130002&trackingCd=Result_3"
[수부지토너]브링그린 티트리 시카 수딩 토너 (500ml/250ml),브링그린,https://www.oliveyoung.co.kr/store/goods/getGoodsDetail.do?goodsNo=A000000189181&dispCatNo=1000001000100130001&trackingCd=Result_4
[한정기획] 아누아 어성초 77 히알루론산 수분 진정 토너 350ml 더블기획 (+어성초 크림 20ml),아누아,https://www.oliveyoung.co.kr/store/goods/getGoodsDetail.do?goodsNo=A000000255328&dispCatNo=1000001000100130001&trackingCd=Result_5
[화잘먹/단독기획] 폴라초이스 바하 리퀴드 엑스폴리언트 118ml 기획 (+바하 리퀴드 30ml),폴라초이스,https://www.oliveyoung.co.kr/store/goods/getGoodsDetail.do?goodsNo=A000000245794&dispCatNo=1000001000100130001&trackingCd=Result_6
[미스트형/1등토너] 라운드랩 1025 독도 토너 300ml 1+1 기획 (+늘어나는 스킨패드 30매),라운드랩,https://www.oliveyoung.co.kr/store/goods/getGoodsDetail.do?goodsNo=A000000255246&dispCatNo=1000001000100130001&trackingCd=Result_7
[쿨링진정] 셀라딕스 트러블 쿨 카밍 131 토너 300ml,셀라딕스,https://www.oliveyoung.co.kr/store/goods/getGoodsDetail.do?goodsNo=A000000229456&dispCatNo=1000001000100130001&trackingCd=Result_8
[수분진정] 아비브 어성초 카밍 토너 스킨부스터 200ml,아비브,https://www.oliveyoung.co.kr/store/goods/getGoodsDetail.do?goodsNo=A000000146589&dispCatNo=1000001000100130001&trackingCd=Result_9
[쿨링진정]넘버즈인 1번 진정 맑게담은 청초토너 300ml 리필기획(+300ml 증정),넘버즈인,https://www.oliveyoung.co.kr/store/goods/getGoodsDetail.do?goodsNo=A000000190395&dispCatNo=1000001000100130001&trackingCd=Result_10
[리뉴얼] 토니모리 세라마이드 모찌 토너 500ml 기획 (+100ml + 크림 30ml),토니모리,https://www.oliveyoung.co.kr/store/goods/getGoodsDetail.do?goodsNo=A000000258792&dispCatNo=1000001000100130001&trackingCd=Result_11_30
[대용량/속보습폭발] 더랩바이블랑두 올리고 히알루론산 딥 토너 500ml 대용량 기획 (+100ml),더랩바이블랑두,https://www.oliveyoung.co.kr/store/goods/getGoodsDetail.do?goodsNo=A000000207054&dispCatNo=1000001000100130001&trackingCd=Result_11_30
[리뷰이벤트/속촉촉 진정토너] 에스네이처 아쿠아 오아시스 토너 300ml 기획 (+젤크림 30ml),에스네이처,https://www.oliveyoung.co.kr/store/goods/getGoodsDetail.do?goodsNo=A000000213171&dispCatNo=1000001000100130001&trackingCd=Result_11_30
[1등 속보습] 라네즈 크림스킨 170ml 단품기획 (+50ml),라네즈,https://www.oliveyoung.co.kr/store/goods/getGoodsDetail.do?goodsNo=A000000211003&dispCatNo=1000001000100130001&trackingCd=Result_11_30
에스트라 에이시카365 수분토너 pH4.5 200ml,에스트라,"https://www.oliveyoung.co.kr/store/goods/getGoodsDetail.do?goodsNo=A000000218549&dispCatNo=1000001000100130001,1000001000800130002&trackingCd=Result_11_30"
[1등토너] 라운드랩 1025 독도 토너 200ml 기획 (+50ml),라운드랩,https://www.oliveyoung.co.kr/store/goods/getGoodsDetail.do?goodsNo=A000000132162&dispCatNo=1000001000100130001&trackingCd=Result_11_30
[수지 PICK] 아누아 피디알엔 100 히알루론산 부스터 토너 250ml 기획 (+40ml),아누아,https://www.oliveyoung.co.kr/store/goods/getGoodsDetail.do?goodsNo=A000000231891&dispCatNo=1000001000100130001&trackingCd=Result_11_30
바이오더마 하이드라비오 토너 250ml,바이오더마,"https://www.oliveyoung.co.kr/store/goods/getGoodsDetail.do?goodsNo=A000000004434&dispCatNo=1000001000100130001,1000001000800130002&trackingCd=Result_11_30"
피지오겔 DMT포맨 증정 기획세트 2종 한정기획 (플루이드 or 크림),피지오겔,"https://www.oliveyoung.co.kr/store/goods/getGoodsDetail.do?goodsNo=A000000179227&dispCatNo=1000001000100170001,1000001000700070012,1000001000700070013,1000001000800130001,1000001000800130002&trackingCd=Result_11_30"
[NEW/미니어처증정] 닥터지 레드 블레미쉬 10-시카 캡슐 수딩 토너 300ml 기획 (+100ml),닥터지,https://www.oliveyoung.co.kr/store/goods/getGoodsDetail.do?goodsNo=A000000252322&dispCatNo=1000001000100130001&trackingCd=Result_11_30
[1등토너] 라운드랩 1025 독도 토너 500ml 기획 (+100ml),라운드랩,https://www.oliveyoung.co.kr/store/goods/getGoodsDetail.do?goodsNo=A000000137180&dispCatNo=1000001000100130001&trackingCd=Result_11_30
[단독기획] 아누아 어성초 77 히알루론산 수분 진정 토너 350ml 리필 기획세트 (+350ml 리필팩),아누아,https://www.oliveyoung.co.kr/store/goods/getGoodsDetail.do?goodsNo=A000000248498&dispCatNo=1000001000100130001&trackingCd=Result_11_30
[수분생기] 라운드랩 자작나무 수분 토너 1+1 기획 (300ml+300ml),라운드랩,https://www.oliveyoung.co.kr/store/goods/getGoodsDetail.do?goodsNo=A000000157178&dispCatNo=1000001000100130001&trackingCd=Result_11_30
[온라인단독/진정SET] 브링그린 티트리 시카 수딩 토너&크림 (세트/기획),브링그린,https://www.oliveyoung.co.kr/store/goods/getGoodsDetail.do?goodsNo=A000000188990&dispCatNo=1000001000100130001&trackingCd=Result_11_30
